amdg	amdg.arrive_barrier
amdg	amdg.async_copy_local_to_global
amdg	amdg.async_copy_mbarrier_arrive
amdg	amdg.async_tdm_copy_global_to_local
amdg	amdg.async_tdm_copy_local_to_global
amdg	amdg.async_tdm_fused_copy_global_to_local
amdg	amdg.async_tdm_gather
amdg	amdg.async_tdm_intrinsic_wait
amdg	amdg.async_tdm_scatter
amdg	amdg.async_tdm_wait
amdg	amdg.async_wait
amdg	amdg.buffer_atomic_cas
amdg	amdg.buffer_atomic_rmw
amdg	amdg.buffer_load
amdg	amdg.buffer_load_to_local
amdg	amdg.buffer_store
amdg	amdg.cluster_barrier_arrive
amdg	amdg.cluster_barrier_wait
amdg	amdg.concat
amdg	amdg.cond_barrier
amdg	amdg.extract_slice
amdg	amdg.in_thread_transpose
amdg	amdg.init_barrier
amdg	amdg.local_load_packed_transposed
amdg	amdg.masked_load
amdg	amdg.masked_store
amdg	amdg.scaled_downcast_fp4
amdg	amdg.scaled_downcast_fp8
amdg	amdg.scaled_upcast_fp4
amdg	amdg.scaled_upcast_fp8
amdg	amdg.tdm_prefetch
amdg	amdg.update_tensor_descriptor
amdg	amdg.wait_barrier
arith	arith.addf
arith	arith.addi
arith	arith.addui_extended
arith	arith.andi
arith	arith.bitcast
arith	arith.ceildivsi
arith	arith.ceildivui
arith	arith.cmpf
arith	arith.cmpi
arith	arith.constant
arith	arith.convertf
arith	arith.divf
arith	arith.divsi
arith	arith.divui
arith	arith.extf
arith	arith.extsi
arith	arith.extui
arith	arith.floordivsi
arith	arith.flush_denormals
arith	arith.fptosi
arith	arith.fptoui
arith	arith.index_cast
arith	arith.index_castui
arith	arith.maximumf
arith	arith.maxnumf
arith	arith.maxsi
arith	arith.maxui
arith	arith.minimumf
arith	arith.minnumf
arith	arith.minsi
arith	arith.minui
arith	arith.mulf
arith	arith.muli
arith	arith.mulsi_extended
arith	arith.mului_extended
arith	arith.negf
arith	arith.ori
arith	arith.remf
arith	arith.remsi
arith	arith.remui
arith	arith.scaling_extf
arith	arith.scaling_truncf
arith	arith.select
arith	arith.shli
arith	arith.shrsi
arith	arith.shrui
arith	arith.sitofp
arith	arith.subf
arith	arith.subi
arith	arith.subui_extended
arith	arith.truncf
arith	arith.trunci
arith	arith.uitofp
arith	arith.xori
builtin	builtin.module
builtin	builtin.unrealized_conversion_cast
cf	cf.assert
cf	cf.br
cf	cf.cond_br
cf	cf.switch
gluon	gluon.set_auto_layout
gpu	gpu.all_reduce
gpu	gpu.alloc
gpu	gpu.ballot
gpu	gpu.barrier
gpu	gpu.binary
gpu	gpu.block_dim
gpu	gpu.block_id
gpu	gpu.cluster_block_id
gpu	gpu.cluster_dim
gpu	gpu.cluster_dim_blocks
gpu	gpu.cluster_id
gpu	gpu.create_2to4_spmat
gpu	gpu.create_bsr
gpu	gpu.create_coo
gpu	gpu.create_coo_aos
gpu	gpu.create_csc
gpu	gpu.create_csr
gpu	gpu.create_dn_tensor
gpu	gpu.dealloc
gpu	gpu.destroy_dn_tensor
gpu	gpu.destroy_sp_mat
gpu	gpu.dynamic_shared_memory
gpu	gpu.func
gpu	gpu.global_id
gpu	gpu.grid_dim
gpu	gpu.host_register
gpu	gpu.host_unregister
gpu	gpu.initialize_named_barrier
gpu	gpu.lane_id
gpu	gpu.launch
gpu	gpu.launch_func
gpu	gpu.memcpy
gpu	gpu.memset
gpu	gpu.module
gpu	gpu.num_subgroups
gpu	gpu.printf
gpu	gpu.return
gpu	gpu.rotate
gpu	gpu.sddmm
gpu	gpu.sddmm_buffer_size
gpu	gpu.set_csr_pointers
gpu	gpu.set_default_device
gpu	gpu.shuffle
gpu	gpu.spgemm_copy
gpu	gpu.spgemm_create_descr
gpu	gpu.spgemm_destroy_descr
gpu	gpu.spgemm_work_estimation_or_compute
gpu	gpu.spmat_get_size
gpu	gpu.spmm
gpu	gpu.spmm_buffer_size
gpu	gpu.spmv
gpu	gpu.spmv_buffer_size
gpu	gpu.subgroup_broadcast
gpu	gpu.subgroup_id
gpu	gpu.subgroup_mma_compute
gpu	gpu.subgroup_mma_constant_matrix
gpu	gpu.subgroup_mma_elementwise
gpu	gpu.subgroup_mma_extract_thread_local
gpu	gpu.subgroup_mma_insert_thread_local
gpu	gpu.subgroup_mma_load_matrix
gpu	gpu.subgroup_mma_store_matrix
gpu	gpu.subgroup_reduce
gpu	gpu.subgroup_size
gpu	gpu.terminator
gpu	gpu.thread_id
gpu	gpu.wait
gpu	gpu.warp_execute_on_lane_0
gpu	gpu.yield
llvm	llvm.add
llvm	llvm.addrspacecast
llvm	llvm.alloca
llvm	llvm.and
llvm	llvm.ashr
llvm	llvm.atomicrmw
llvm	llvm.bitcast
llvm	llvm.blockaddress
llvm	llvm.blocktag
llvm	llvm.br
llvm	llvm.call
llvm	llvm.call_intrinsic
llvm	llvm.cmpxchg
llvm	llvm.comdat
llvm	llvm.comdat_selector
llvm	llvm.cond_br
llvm	llvm.dso_local_equivalent
llvm	llvm.extractelement
llvm	llvm.extractvalue
llvm	llvm.fadd
llvm	llvm.fcmp
llvm	llvm.fdiv
llvm	llvm.fence
llvm	llvm.fmul
llvm	llvm.fneg
llvm	llvm.fpext
llvm	llvm.fptosi
llvm	llvm.fptoui
llvm	llvm.fptrunc
llvm	llvm.freeze
llvm	llvm.frem
llvm	llvm.fsub
llvm	llvm.func
llvm	llvm.getelementptr
llvm	llvm.icmp
llvm	llvm.indirectbr
llvm	llvm.inline_asm
llvm	llvm.insertelement
llvm	llvm.insertvalue
llvm	llvm.intr.abs
llvm	llvm.intr.acos
llvm	llvm.intr.annotation
llvm	llvm.intr.arithmetic.fence
llvm	llvm.intr.asin
llvm	llvm.intr.assume
llvm	llvm.intr.atan
llvm	llvm.intr.atan2
llvm	llvm.intr.bitreverse
llvm	llvm.intr.bswap
llvm	llvm.intr.ceil
llvm	llvm.intr.copysign
llvm	llvm.intr.coro.align
llvm	llvm.intr.coro.begin
llvm	llvm.intr.coro.end
llvm	llvm.intr.coro.free
llvm	llvm.intr.coro.id
llvm	llvm.intr.coro.promise
llvm	llvm.intr.coro.resume
llvm	llvm.intr.coro.save
llvm	llvm.intr.coro.size
llvm	llvm.intr.coro.suspend
llvm	llvm.intr.cos
llvm	llvm.intr.cosh
llvm	llvm.intr.ctlz
llvm	llvm.intr.ctpop
llvm	llvm.intr.cttz
llvm	llvm.intr.dbg.declare
llvm	llvm.intr.dbg.label
llvm	llvm.intr.dbg.value
llvm	llvm.intr.debugtrap
llvm	llvm.intr.eh.typeid.for
llvm	llvm.intr.exp
llvm	llvm.intr.exp10
llvm	llvm.intr.exp2
llvm	llvm.intr.expect
llvm	llvm.intr.expect.with.probability
llvm	llvm.intr.experimental.constrained.fadd
llvm	llvm.intr.experimental.constrained.fdiv
llvm	llvm.intr.experimental.constrained.fma
llvm	llvm.intr.experimental.constrained.fmul
llvm	llvm.intr.experimental.constrained.fmuladd
llvm	llvm.intr.experimental.constrained.fpext
llvm	llvm.intr.experimental.constrained.fptrunc
llvm	llvm.intr.experimental.constrained.frem
llvm	llvm.intr.experimental.constrained.fsub
llvm	llvm.intr.experimental.constrained.sitofp
llvm	llvm.intr.experimental.constrained.uitofp
llvm	llvm.intr.experimental.noalias.scope.decl
llvm	llvm.intr.experimental.vp.strided.load
llvm	llvm.intr.experimental.vp.strided.store
llvm	llvm.intr.fabs
llvm	llvm.intr.fake.use
llvm	llvm.intr.floor
llvm	llvm.intr.fma
llvm	llvm.intr.fmuladd
llvm	llvm.intr.frexp
llvm	llvm.intr.fshl
llvm	llvm.intr.fshr
llvm	llvm.intr.get.active.lane.mask
llvm	llvm.intr.invariant.end
llvm	llvm.intr.invariant.start
llvm	llvm.intr.is.constant
llvm	llvm.intr.is.fpclass
llvm	llvm.intr.launder.invariant.group
llvm	llvm.intr.ldexp
llvm	llvm.intr.lifetime.end
llvm	llvm.intr.lifetime.start
llvm	llvm.intr.llrint
llvm	llvm.intr.llround
llvm	llvm.intr.log
llvm	llvm.intr.log10
llvm	llvm.intr.log2
llvm	llvm.intr.lrint
llvm	llvm.intr.lround
llvm	llvm.intr.masked.compressstore
llvm	llvm.intr.masked.expandload
llvm	llvm.intr.masked.gather
llvm	llvm.intr.masked.load
llvm	llvm.intr.masked.scatter
llvm	llvm.intr.masked.store
llvm	llvm.intr.matrix.column.major.load
llvm	llvm.intr.matrix.column.major.store
llvm	llvm.intr.matrix.multiply
llvm	llvm.intr.matrix.transpose
llvm	llvm.intr.maximum
llvm	llvm.intr.maxnum
llvm	llvm.intr.memcpy
llvm	llvm.intr.memcpy.inline
llvm	llvm.intr.memmove
llvm	llvm.intr.memset
llvm	llvm.intr.memset.inline
llvm	llvm.intr.minimum
llvm	llvm.intr.minnum
llvm	llvm.intr.nearbyint
llvm	llvm.intr.pow
llvm	llvm.intr.powi
llvm	llvm.intr.prefetch
llvm	llvm.intr.ptr.annotation
llvm	llvm.intr.ptrmask
llvm	llvm.intr.rint
llvm	llvm.intr.round
llvm	llvm.intr.roundeven
llvm	llvm.intr.sadd.sat
llvm	llvm.intr.sadd.with.overflow
llvm	llvm.intr.scmp
llvm	llvm.intr.sin
llvm	llvm.intr.sincos
llvm	llvm.intr.sinh
llvm	llvm.intr.smax
llvm	llvm.intr.smin
llvm	llvm.intr.smul.with.overflow
llvm	llvm.intr.sqrt
llvm	llvm.intr.ssa.copy
llvm	llvm.intr.sshl.sat
llvm	llvm.intr.ssub.sat
llvm	llvm.intr.ssub.with.overflow
llvm	llvm.intr.stackrestore
llvm	llvm.intr.stacksave
llvm	llvm.intr.stepvector
llvm	llvm.intr.strip.invariant.group
llvm	llvm.intr.tan
llvm	llvm.intr.tanh
llvm	llvm.intr.threadlocal.address
llvm	llvm.intr.trap
llvm	llvm.intr.trunc
llvm	llvm.intr.uadd.sat
llvm	llvm.intr.uadd.with.overflow
llvm	llvm.intr.ubsantrap
llvm	llvm.intr.ucmp
llvm	llvm.intr.umax
llvm	llvm.intr.umin
llvm	llvm.intr.umul.with.overflow
llvm	llvm.intr.ushl.sat
llvm	llvm.intr.usub.sat
llvm	llvm.intr.usub.with.overflow
llvm	llvm.intr.vacopy
llvm	llvm.intr.vaend
llvm	llvm.intr.var.annotation
llvm	llvm.intr.vastart
llvm	llvm.intr.vector.deinterleave2
llvm	llvm.intr.vector.extract
llvm	llvm.intr.vector.insert
llvm	llvm.intr.vector.interleave2
llvm	llvm.intr.vector.reduce.add
llvm	llvm.intr.vector.reduce.and
llvm	llvm.intr.vector.reduce.fadd
llvm	llvm.intr.vector.reduce.fmax
llvm	llvm.intr.vector.reduce.fmaximum
llvm	llvm.intr.vector.reduce.fmin
llvm	llvm.intr.vector.reduce.fminimum
llvm	llvm.intr.vector.reduce.fmul
llvm	llvm.intr.vector.reduce.mul
llvm	llvm.intr.vector.reduce.or
llvm	llvm.intr.vector.reduce.smax
llvm	llvm.intr.vector.reduce.smin
llvm	llvm.intr.vector.reduce.umax
llvm	llvm.intr.vector.reduce.umin
llvm	llvm.intr.vector.reduce.xor
llvm	llvm.intr.vp.add
llvm	llvm.intr.vp.and
llvm	llvm.intr.vp.ashr
llvm	llvm.intr.vp.fadd
llvm	llvm.intr.vp.fdiv
llvm	llvm.intr.vp.fma
llvm	llvm.intr.vp.fmul
llvm	llvm.intr.vp.fmuladd
llvm	llvm.intr.vp.fneg
llvm	llvm.intr.vp.fpext
llvm	llvm.intr.vp.fptosi
llvm	llvm.intr.vp.fptoui
llvm	llvm.intr.vp.fptrunc
llvm	llvm.intr.vp.frem
llvm	llvm.intr.vp.fsub
llvm	llvm.intr.vp.inttoptr
llvm	llvm.intr.vp.load
llvm	llvm.intr.vp.lshr
llvm	llvm.intr.vp.merge
llvm	llvm.intr.vp.mul
llvm	llvm.intr.vp.or
llvm	llvm.intr.vp.ptrtoint
llvm	llvm.intr.vp.reduce.add
llvm	llvm.intr.vp.reduce.and
llvm	llvm.intr.vp.reduce.fadd
llvm	llvm.intr.vp.reduce.fmax
llvm	llvm.intr.vp.reduce.fmin
llvm	llvm.intr.vp.reduce.fmul
llvm	llvm.intr.vp.reduce.mul
llvm	llvm.intr.vp.reduce.or
llvm	llvm.intr.vp.reduce.smax
llvm	llvm.intr.vp.reduce.smin
llvm	llvm.intr.vp.reduce.umax
llvm	llvm.intr.vp.reduce.umin
llvm	llvm.intr.vp.reduce.xor
llvm	llvm.intr.vp.sdiv
llvm	llvm.intr.vp.select
llvm	llvm.intr.vp.sext
llvm	llvm.intr.vp.shl
llvm	llvm.intr.vp.sitofp
llvm	llvm.intr.vp.smax
llvm	llvm.intr.vp.smin
llvm	llvm.intr.vp.srem
llvm	llvm.intr.vp.store
llvm	llvm.intr.vp.sub
llvm	llvm.intr.vp.trunc
llvm	llvm.intr.vp.udiv
llvm	llvm.intr.vp.uitofp
llvm	llvm.intr.vp.umax
llvm	llvm.intr.vp.umin
llvm	llvm.intr.vp.urem
llvm	llvm.intr.vp.xor
llvm	llvm.intr.vp.zext
llvm	llvm.intr.vscale
llvm	llvm.inttoptr
llvm	llvm.invoke
llvm	llvm.landingpad
llvm	llvm.linker_options
llvm	llvm.load
llvm	llvm.lshr
llvm	llvm.mlir.addressof
llvm	llvm.mlir.alias
llvm	llvm.mlir.constant
llvm	llvm.mlir.global
llvm	llvm.mlir.global_ctors
llvm	llvm.mlir.global_dtors
llvm	llvm.mlir.ifunc
llvm	llvm.mlir.metadata_as_value
llvm	llvm.mlir.none
llvm	llvm.mlir.poison
llvm	llvm.mlir.undef
llvm	llvm.mlir.zero
llvm	llvm.module_flags
llvm	llvm.mul
llvm	llvm.named_metadata
llvm	llvm.or
llvm	llvm.ptrtoaddr
llvm	llvm.ptrtoint
llvm	llvm.resume
llvm	llvm.return
llvm	llvm.sdiv
llvm	llvm.select
llvm	llvm.sext
llvm	llvm.shl
llvm	llvm.shufflevector
llvm	llvm.sitofp
llvm	llvm.srem
llvm	llvm.store
llvm	llvm.sub
llvm	llvm.switch
llvm	llvm.trunc
llvm	llvm.udiv
llvm	llvm.uitofp
llvm	llvm.unreachable
llvm	llvm.urem
llvm	llvm.va_arg
llvm	llvm.xor
llvm	llvm.zext
math	math.absf
math	math.absi
math	math.acos
math	math.acosh
math	math.asin
math	math.asinh
math	math.atan
math	math.atan2
math	math.atanh
math	math.cbrt
math	math.ceil
math	math.clampf
math	math.copysign
math	math.cos
math	math.cosh
math	math.ctlz
math	math.ctpop
math	math.cttz
math	math.erf
math	math.erfc
math	math.exp
math	math.exp2
math	math.expm1
math	math.floor
math	math.fma
math	math.fpowi
math	math.ipowi
math	math.isfinite
math	math.isinf
math	math.isnan
math	math.isnormal
math	math.log
math	math.log10
math	math.log1p
math	math.log2
math	math.powf
math	math.round
math	math.roundeven
math	math.rsqrt
math	math.sin
math	math.sincos
math	math.sinh
math	math.sqrt
math	math.tan
math	math.tanh
math	math.trunc
nvg	nvg.cluster_id
nvg	nvg.ld_acquire
nvg	nvg.tensor_memory_base
nvg	nvg.warp_group_barrier_id
nvg	nvg.wgmma
nvg	nvg.wgmma_wait_group
nvvm	nvvm.addf
nvvm	nvvm.bar.warp.sync
nvvm	nvvm.barrier
nvvm	nvvm.barrier.arrive
nvvm	nvvm.barrier.reduction
nvvm	nvvm.breakpoint
nvvm	nvvm.cluster.arrive
nvvm	nvvm.cluster.arrive.relaxed
nvvm	nvvm.cluster.wait
nvvm	nvvm.clusterlaunchcontrol.query.cancel
nvvm	nvvm.clusterlaunchcontrol.try.cancel
nvvm	nvvm.convert.bf16x2.to.f4x2
nvvm	nvvm.convert.bf16x2.to.f6x2
nvvm	nvvm.convert.bf16x2.to.f8x2
nvvm	nvvm.convert.bf16x2.to.s2f6x2
nvvm	nvvm.convert.f16x2.to.f4x2
nvvm	nvvm.convert.f16x2.to.f6x2
nvvm	nvvm.convert.f16x2.to.f8x2
nvvm	nvvm.convert.f32x2.to.bf16x2
nvvm	nvvm.convert.f32x2.to.f16x2
nvvm	nvvm.convert.f32x2.to.f4x2
nvvm	nvvm.convert.f32x2.to.f6x2
nvvm	nvvm.convert.f32x2.to.f8x2
nvvm	nvvm.convert.f32x2.to.s2f6x2
nvvm	nvvm.convert.f32x4.to.f4x4
nvvm	nvvm.convert.f32x4.to.f6x4
nvvm	nvvm.convert.f32x4.to.f8x4
nvvm	nvvm.convert.f4x2.to.bf16x2
nvvm	nvvm.convert.f4x2.to.f16x2
nvvm	nvvm.convert.f6x2.to.bf16x2
nvvm	nvvm.convert.f6x2.to.f16x2
nvvm	nvvm.convert.f8x2.to.bf16x2
nvvm	nvvm.convert.f8x2.to.f16x2
nvvm	nvvm.convert.float.to.tf32
nvvm	nvvm.convert.s2f6x2.to.bf16x2
nvvm	nvvm.cos
nvvm	nvvm.cp.async.bulk.commit.group
nvvm	nvvm.cp.async.bulk.global.shared.cta
nvvm	nvvm.cp.async.bulk.prefetch
nvvm	nvvm.cp.async.bulk.shared.cluster.global
nvvm	nvvm.cp.async.bulk.shared.cluster.shared.cta
nvvm	nvvm.cp.async.bulk.tensor.global.shared.cta
nvvm	nvvm.cp.async.bulk.tensor.prefetch
nvvm	nvvm.cp.async.bulk.tensor.reduce
nvvm	nvvm.cp.async.bulk.tensor.shared.cluster.global
nvvm	nvvm.cp.async.bulk.wait_group
nvvm	nvvm.cp.async.commit.group
nvvm	nvvm.cp.async.mbarrier.arrive
nvvm	nvvm.cp.async.shared.global
nvvm	nvvm.cp.async.wait.group
nvvm	nvvm.divf
nvvm	nvvm.dot.accumulate.2way
nvvm	nvvm.dot.accumulate.4way
nvvm	nvvm.elect.sync
nvvm	nvvm.ex2
nvvm	nvvm.exit
nvvm	nvvm.fence.mbarrier.init
nvvm	nvvm.fence.proxy
nvvm	nvvm.fence.proxy.acquire
nvvm	nvvm.fence.proxy.release
nvvm	nvvm.fence.proxy.sync_restrict
nvvm	nvvm.fence.sc.cluster
nvvm	nvvm.fence.sync_restrict
nvvm	nvvm.fma
nvvm	nvvm.griddepcontrol
nvvm	nvvm.inline_ptx
nvvm	nvvm.ldmatrix
nvvm	nvvm.log2
nvvm	nvvm.mapa
nvvm	nvvm.match.sync
nvvm	nvvm.mbarrier.arrive
nvvm	nvvm.mbarrier.arrive.expect_tx
nvvm	nvvm.mbarrier.arrive.nocomplete
nvvm	nvvm.mbarrier.arrive_drop
nvvm	nvvm.mbarrier.arrive_drop.expect_tx
nvvm	nvvm.mbarrier.arrive_drop.nocomplete
nvvm	nvvm.mbarrier.complete_tx
nvvm	nvvm.mbarrier.expect_tx
nvvm	nvvm.mbarrier.init
nvvm	nvvm.mbarrier.inval
nvvm	nvvm.mbarrier.test.wait
nvvm	nvvm.mbarrier.try_wait
nvvm	nvvm.mbarrier.try_wait.parity
nvvm	nvvm.memory.barrier
nvvm	nvvm.mma.block_scale
nvvm	nvvm.mma.sp.block_scale
nvvm	nvvm.mma.sp.sync
nvvm	nvvm.mma.sync
nvvm	nvvm.movmatrix
nvvm	nvvm.nanosleep
nvvm	nvvm.pmevent
nvvm	nvvm.prefetch
nvvm	nvvm.prmt
nvvm	nvvm.rcp.approx.ftz.f
nvvm	nvvm.read.ptx.sreg.aggr.smem.size
nvvm	nvvm.read.ptx.sreg.clock
nvvm	nvvm.read.ptx.sreg.clock64
nvvm	nvvm.read.ptx.sreg.cluster.ctaid.x
nvvm	nvvm.read.ptx.sreg.cluster.ctaid.y
nvvm	nvvm.read.ptx.sreg.cluster.ctaid.z
nvvm	nvvm.read.ptx.sreg.cluster.ctarank
nvvm	nvvm.read.ptx.sreg.cluster.nctaid.x
nvvm	nvvm.read.ptx.sreg.cluster.nctaid.y
nvvm	nvvm.read.ptx.sreg.cluster.nctaid.z
nvvm	nvvm.read.ptx.sreg.cluster.nctarank
nvvm	nvvm.read.ptx.sreg.clusterid.x
nvvm	nvvm.read.ptx.sreg.clusterid.y
nvvm	nvvm.read.ptx.sreg.clusterid.z
nvvm	nvvm.read.ptx.sreg.ctaid.x
nvvm	nvvm.read.ptx.sreg.ctaid.y
nvvm	nvvm.read.ptx.sreg.ctaid.z
nvvm	nvvm.read.ptx.sreg.dynamic.smem.size
nvvm	nvvm.read.ptx.sreg.envreg0
nvvm	nvvm.read.ptx.sreg.envreg1
nvvm	nvvm.read.ptx.sreg.envreg10
nvvm	nvvm.read.ptx.sreg.envreg11
nvvm	nvvm.read.ptx.sreg.envreg12
nvvm	nvvm.read.ptx.sreg.envreg13
nvvm	nvvm.read.ptx.sreg.envreg14
nvvm	nvvm.read.ptx.sreg.envreg15
nvvm	nvvm.read.ptx.sreg.envreg16
nvvm	nvvm.read.ptx.sreg.envreg17
nvvm	nvvm.read.ptx.sreg.envreg18
nvvm	nvvm.read.ptx.sreg.envreg19
nvvm	nvvm.read.ptx.sreg.envreg2
nvvm	nvvm.read.ptx.sreg.envreg20
nvvm	nvvm.read.ptx.sreg.envreg21
nvvm	nvvm.read.ptx.sreg.envreg22
nvvm	nvvm.read.ptx.sreg.envreg23
nvvm	nvvm.read.ptx.sreg.envreg24
nvvm	nvvm.read.ptx.sreg.envreg25
nvvm	nvvm.read.ptx.sreg.envreg26
nvvm	nvvm.read.ptx.sreg.envreg27
nvvm	nvvm.read.ptx.sreg.envreg28
nvvm	nvvm.read.ptx.sreg.envreg29
nvvm	nvvm.read.ptx.sreg.envreg3
nvvm	nvvm.read.ptx.sreg.envreg30
nvvm	nvvm.read.ptx.sreg.envreg31
nvvm	nvvm.read.ptx.sreg.envreg4
nvvm	nvvm.read.ptx.sreg.envreg5
nvvm	nvvm.read.ptx.sreg.envreg6
nvvm	nvvm.read.ptx.sreg.envreg7
nvvm	nvvm.read.ptx.sreg.envreg8
nvvm	nvvm.read.ptx.sreg.envreg9
nvvm	nvvm.read.ptx.sreg.globaltimer
nvvm	nvvm.read.ptx.sreg.globaltimer.lo
nvvm	nvvm.read.ptx.sreg.gridid
nvvm	nvvm.read.ptx.sreg.laneid
nvvm	nvvm.read.ptx.sreg.lanemask.eq
nvvm	nvvm.read.ptx.sreg.lanemask.ge
nvvm	nvvm.read.ptx.sreg.lanemask.gt
nvvm	nvvm.read.ptx.sreg.lanemask.le
nvvm	nvvm.read.ptx.sreg.lanemask.lt
nvvm	nvvm.read.ptx.sreg.nclusterid.x
nvvm	nvvm.read.ptx.sreg.nclusterid.y
nvvm	nvvm.read.ptx.sreg.nclusterid.z
nvvm	nvvm.read.ptx.sreg.nctaid.x
nvvm	nvvm.read.ptx.sreg.nctaid.y
nvvm	nvvm.read.ptx.sreg.nctaid.z
nvvm	nvvm.read.ptx.sreg.nsmid
nvvm	nvvm.read.ptx.sreg.ntid.x
nvvm	nvvm.read.ptx.sreg.ntid.y
nvvm	nvvm.read.ptx.sreg.ntid.z
nvvm	nvvm.read.ptx.sreg.nwarpid
nvvm	nvvm.read.ptx.sreg.smid
nvvm	nvvm.read.ptx.sreg.tid.x
nvvm	nvvm.read.ptx.sreg.tid.y
nvvm	nvvm.read.ptx.sreg.tid.z
nvvm	nvvm.read.ptx.sreg.total.smem.size
nvvm	nvvm.read.ptx.sreg.warpid
nvvm	nvvm.read.ptx.sreg.warpsize
nvvm	nvvm.redux.sync
nvvm	nvvm.rsqrt
nvvm	nvvm.setmaxregister
nvvm	nvvm.shfl.sync
nvvm	nvvm.sin
nvvm	nvvm.sqrt
nvvm	nvvm.sqrt.approx
nvvm	nvvm.st.bulk
nvvm	nvvm.stmatrix
nvvm	nvvm.subf
nvvm	nvvm.tcgen05.alloc
nvvm	nvvm.tcgen05.commit
nvvm	nvvm.tcgen05.cp
nvvm	nvvm.tcgen05.dealloc
nvvm	nvvm.tcgen05.fence
nvvm	nvvm.tcgen05.ld
nvvm	nvvm.tcgen05.ld.red
nvvm	nvvm.tcgen05.mma
nvvm	nvvm.tcgen05.mma.block_scale
nvvm	nvvm.tcgen05.mma.sp
nvvm	nvvm.tcgen05.mma.sp.block_scale
nvvm	nvvm.tcgen05.mma.ws
nvvm	nvvm.tcgen05.mma.ws.sp
nvvm	nvvm.tcgen05.mma_smem_desc
nvvm	nvvm.tcgen05.relinquish_alloc_permit
nvvm	nvvm.tcgen05.shift
nvvm	nvvm.tcgen05.st
nvvm	nvvm.tcgen05.wait
nvvm	nvvm.tensormap.replace
nvvm	nvvm.vote.sync
nvvm	nvvm.wgmma.commit.group.sync.aligned
nvvm	nvvm.wgmma.fence.aligned
nvvm	nvvm.wgmma.mma_async
nvvm	nvvm.wgmma.wait.group.sync.aligned
nvvm	nvvm.wmma.load
nvvm	nvvm.wmma.mma
nvvm	nvvm.wmma.store
nvws	nvws.aref.buffer
nvws	nvws.aref.create
nvws	nvws.aref.get.enter
nvws	nvws.aref.get.exit
nvws	nvws.aref.phi
nvws	nvws.aref.put.enter
nvws	nvws.aref.put.exit
nvws	nvws.clc_try_cancel
nvws	nvws.consumer_release
nvws	nvws.consumer_wait
nvws	nvws.create_token
nvws	nvws.descriptor_gather
nvws	nvws.descriptor_load
nvws	nvws.producer_acquire
nvws	nvws.producer_commit
nvws	nvws.warp_group
nvws	nvws.warp_group.return
nvws	nvws.warp_group.yield
proton	proton.allocate_event
proton	proton.event
proton	proton.record
proton_gpu	proton_gpu.circular_store
proton_gpu	proton_gpu.finalize
proton_gpu	proton_gpu.init_ctx
proton_gpu	proton_gpu.initialize
proton_gpu	proton_gpu.read_counter
proton_gpu	proton_gpu.restore_ctx
proton_gpu	proton_gpu.save_ctx
proton_gpu	proton_gpu.segment_alloc
rocdl	rocdl.asyncmark
rocdl	rocdl.ballot
rocdl	rocdl.barrier
rocdl	rocdl.cluster.id.x
rocdl	rocdl.cluster.id.y
rocdl	rocdl.cluster.id.z
rocdl	rocdl.cluster.load.async.to.lds.b128
rocdl	rocdl.cluster.load.async.to.lds.b32
rocdl	rocdl.cluster.load.async.to.lds.b64
rocdl	rocdl.cluster.load.async.to.lds.b8
rocdl	rocdl.cluster.workgroup.id.x
rocdl	rocdl.cluster.workgroup.id.y
rocdl	rocdl.cluster.workgroup.id.z
rocdl	rocdl.cos
rocdl	rocdl.cvt.f32.bf8
rocdl	rocdl.cvt.f32.fp8
rocdl	rocdl.cvt.pk.bf8.f32
rocdl	rocdl.cvt.pk.f32.bf8
rocdl	rocdl.cvt.pk.f32.fp8
rocdl	rocdl.cvt.pk.fp8.f32
rocdl	rocdl.cvt.pkrtz
rocdl	rocdl.cvt.scale.pk16.bf16.bf6
rocdl	rocdl.cvt.scale.pk16.bf16.fp6
rocdl	rocdl.cvt.scale.pk16.f16.bf6
rocdl	rocdl.cvt.scale.pk16.f16.fp6
rocdl	rocdl.cvt.scale.pk16.f32.bf6
rocdl	rocdl.cvt.scale.pk16.f32.fp6
rocdl	rocdl.cvt.scale.pk8.bf16.bf8
rocdl	rocdl.cvt.scale.pk8.bf16.fp4
rocdl	rocdl.cvt.scale.pk8.bf16.fp8
rocdl	rocdl.cvt.scale.pk8.f16.bf8
rocdl	rocdl.cvt.scale.pk8.f16.fp4
rocdl	rocdl.cvt.scale.pk8.f16.fp8
rocdl	rocdl.cvt.scale.pk8.f32.bf8
rocdl	rocdl.cvt.scale.pk8.f32.fp4
rocdl	rocdl.cvt.scale.pk8.f32.fp8
rocdl	rocdl.cvt.scalef32.2xpk16.bf6.f32
rocdl	rocdl.cvt.scalef32.2xpk16.fp6.f32
rocdl	rocdl.cvt.scalef32.f16.bf8
rocdl	rocdl.cvt.scalef32.f16.fp8
rocdl	rocdl.cvt.scalef32.f32.bf8
rocdl	rocdl.cvt.scalef32.f32.fp8
rocdl	rocdl.cvt.scalef32.pk.bf16.bf8
rocdl	rocdl.cvt.scalef32.pk.bf16.fp4
rocdl	rocdl.cvt.scalef32.pk.bf16.fp8
rocdl	rocdl.cvt.scalef32.pk.bf8.bf16
rocdl	rocdl.cvt.scalef32.pk.bf8.f16
rocdl	rocdl.cvt.scalef32.pk.bf8.f32
rocdl	rocdl.cvt.scalef32.pk.f16.bf8
rocdl	rocdl.cvt.scalef32.pk.f16.fp4
rocdl	rocdl.cvt.scalef32.pk.f16.fp8
rocdl	rocdl.cvt.scalef32.pk.f32.bf8
rocdl	rocdl.cvt.scalef32.pk.f32.fp4
rocdl	rocdl.cvt.scalef32.pk.f32.fp8
rocdl	rocdl.cvt.scalef32.pk.fp4.bf16
rocdl	rocdl.cvt.scalef32.pk.fp4.f16
rocdl	rocdl.cvt.scalef32.pk.fp4.f32
rocdl	rocdl.cvt.scalef32.pk.fp8.bf16
rocdl	rocdl.cvt.scalef32.pk.fp8.f16
rocdl	rocdl.cvt.scalef32.pk.fp8.f32
rocdl	rocdl.cvt.scalef32.pk16.bf6.bf16
rocdl	rocdl.cvt.scalef32.pk16.bf6.f16
rocdl	rocdl.cvt.scalef32.pk16.bf6.f32
rocdl	rocdl.cvt.scalef32.pk16.fp6.bf16
rocdl	rocdl.cvt.scalef32.pk16.fp6.f16
rocdl	rocdl.cvt.scalef32.pk16.fp6.f32
rocdl	rocdl.cvt.scalef32.pk32.bf16.bf6
rocdl	rocdl.cvt.scalef32.pk32.bf16.fp6
rocdl	rocdl.cvt.scalef32.pk32.bf6.bf16
rocdl	rocdl.cvt.scalef32.pk32.bf6.f16
rocdl	rocdl.cvt.scalef32.pk32.f16.bf6
rocdl	rocdl.cvt.scalef32.pk32.f16.fp6
rocdl	rocdl.cvt.scalef32.pk32.f32.bf6
rocdl	rocdl.cvt.scalef32.pk32.f32.fp6
rocdl	rocdl.cvt.scalef32.pk32.fp6.bf16
rocdl	rocdl.cvt.scalef32.pk32.fp6.f16
rocdl	rocdl.cvt.scalef32.pk8.bf8.bf16
rocdl	rocdl.cvt.scalef32.pk8.bf8.f16
rocdl	rocdl.cvt.scalef32.pk8.bf8.f32
rocdl	rocdl.cvt.scalef32.pk8.fp4.bf16
rocdl	rocdl.cvt.scalef32.pk8.fp4.f16
rocdl	rocdl.cvt.scalef32.pk8.fp4.f32
rocdl	rocdl.cvt.scalef32.pk8.fp8.bf16
rocdl	rocdl.cvt.scalef32.pk8.fp8.f16
rocdl	rocdl.cvt.scalef32.pk8.fp8.f32
rocdl	rocdl.cvt.scalef32.sr.bf8.bf16
rocdl	rocdl.cvt.scalef32.sr.bf8.f16
rocdl	rocdl.cvt.scalef32.sr.bf8.f32
rocdl	rocdl.cvt.scalef32.sr.fp8.bf16
rocdl	rocdl.cvt.scalef32.sr.fp8.f16
rocdl	rocdl.cvt.scalef32.sr.fp8.f32
rocdl	rocdl.cvt.scalef32.sr.pk.fp4.bf16
rocdl	rocdl.cvt.scalef32.sr.pk.fp4.f16
rocdl	rocdl.cvt.scalef32.sr.pk.fp4.f32
rocdl	rocdl.cvt.scalef32.sr.pk16.bf6.bf16
rocdl	rocdl.cvt.scalef32.sr.pk16.bf6.f16
rocdl	rocdl.cvt.scalef32.sr.pk16.bf6.f32
rocdl	rocdl.cvt.scalef32.sr.pk16.fp6.bf16
rocdl	rocdl.cvt.scalef32.sr.pk16.fp6.f16
rocdl	rocdl.cvt.scalef32.sr.pk16.fp6.f32
rocdl	rocdl.cvt.scalef32.sr.pk32.bf6.bf16
rocdl	rocdl.cvt.scalef32.sr.pk32.bf6.f16
rocdl	rocdl.cvt.scalef32.sr.pk32.bf6.f32
rocdl	rocdl.cvt.scalef32.sr.pk32.fp6.bf16
rocdl	rocdl.cvt.scalef32.sr.pk32.fp6.f16
rocdl	rocdl.cvt.scalef32.sr.pk32.fp6.f32
rocdl	rocdl.cvt.scalef32.sr.pk8.bf8.bf16
rocdl	rocdl.cvt.scalef32.sr.pk8.bf8.f16
rocdl	rocdl.cvt.scalef32.sr.pk8.bf8.f32
rocdl	rocdl.cvt.scalef32.sr.pk8.fp4.bf16
rocdl	rocdl.cvt.scalef32.sr.pk8.fp4.f16
rocdl	rocdl.cvt.scalef32.sr.pk8.fp4.f32
rocdl	rocdl.cvt.scalef32.sr.pk8.fp8.bf16
rocdl	rocdl.cvt.scalef32.sr.pk8.fp8.f16
rocdl	rocdl.cvt.scalef32.sr.pk8.fp8.f32
rocdl	rocdl.cvt.sr.bf8.f32
rocdl	rocdl.cvt.sr.fp8.f32
rocdl	rocdl.dot4.f32.bf8.bf8
rocdl	rocdl.dot4.f32.bf8.fp8
rocdl	rocdl.dot4.f32.fp8.bf8
rocdl	rocdl.dot4.f32.fp8.fp8
rocdl	rocdl.ds.atomic.async.barrier.arrive.b64
rocdl	rocdl.ds.atomic.barrier.arrive.rtn.b64
rocdl	rocdl.ds.load.tr16.b128
rocdl	rocdl.ds.load.tr4.b64
rocdl	rocdl.ds.load.tr6.b96
rocdl	rocdl.ds.load.tr8.b64
rocdl	rocdl.ds.read.tr16.b64
rocdl	rocdl.ds.read.tr4.b64
rocdl	rocdl.ds.read.tr6.b96
rocdl	rocdl.ds.read.tr8.b64
rocdl	rocdl.ds_bpermute
rocdl	rocdl.ds_swizzle
rocdl	rocdl.exp
rocdl	rocdl.exp2
rocdl	rocdl.fdot2
rocdl	rocdl.fdot2.bf16.bf16
rocdl	rocdl.fdot2.f16.f16
rocdl	rocdl.fdot2.f32.bf16
rocdl	rocdl.flat.prefetch
rocdl	rocdl.fmed3
rocdl	rocdl.global.load.async.lds
rocdl	rocdl.global.load.async.to.lds.b128
rocdl	rocdl.global.load.async.to.lds.b32
rocdl	rocdl.global.load.async.to.lds.b64
rocdl	rocdl.global.load.async.to.lds.b8
rocdl	rocdl.global.load.lds
rocdl	rocdl.global.load.tr.b128
rocdl	rocdl.global.load.tr.b64
rocdl	rocdl.global.load.tr4.b64
rocdl	rocdl.global.load.tr6.b96
rocdl	rocdl.global.prefetch
rocdl	rocdl.global.store.async.from.lds.b128
rocdl	rocdl.global.store.async.from.lds.b32
rocdl	rocdl.global.store.async.from.lds.b64
rocdl	rocdl.global.store.async.from.lds.b8
rocdl	rocdl.iglp.opt
rocdl	rocdl.load.async.to.lds
rocdl	rocdl.load.to.lds
rocdl	rocdl.log
rocdl	rocdl.make.buffer.rsrc
rocdl	rocdl.mbcnt.hi
rocdl	rocdl.mbcnt.lo
rocdl	rocdl.mfma.f32.16x16x16bf16.1k
rocdl	rocdl.mfma.f32.16x16x16f16
rocdl	rocdl.mfma.f32.16x16x1f32
rocdl	rocdl.mfma.f32.16x16x2bf16
rocdl	rocdl.mfma.f32.16x16x32.bf16
rocdl	rocdl.mfma.f32.16x16x32.bf8.bf8
rocdl	rocdl.mfma.f32.16x16x32.bf8.fp8
rocdl	rocdl.mfma.f32.16x16x32.f16
rocdl	rocdl.mfma.f32.16x16x32.fp8.bf8
rocdl	rocdl.mfma.f32.16x16x32.fp8.fp8
rocdl	rocdl.mfma.f32.16x16x4bf16.1k
rocdl	rocdl.mfma.f32.16x16x4f16
rocdl	rocdl.mfma.f32.16x16x4f32
rocdl	rocdl.mfma.f32.16x16x8.xf32
rocdl	rocdl.mfma.f32.16x16x8bf16
rocdl	rocdl.mfma.f32.32x32x16.bf16
rocdl	rocdl.mfma.f32.32x32x16.bf8.bf8
rocdl	rocdl.mfma.f32.32x32x16.bf8.fp8
rocdl	rocdl.mfma.f32.32x32x16.f16
rocdl	rocdl.mfma.f32.32x32x16.fp8.bf8
rocdl	rocdl.mfma.f32.32x32x16.fp8.fp8
rocdl	rocdl.mfma.f32.32x32x1f32
rocdl	rocdl.mfma.f32.32x32x2bf16
rocdl	rocdl.mfma.f32.32x32x2f32
rocdl	rocdl.mfma.f32.32x32x4.xf32
rocdl	rocdl.mfma.f32.32x32x4bf16
rocdl	rocdl.mfma.f32.32x32x4bf16.1k
rocdl	rocdl.mfma.f32.32x32x4f16
rocdl	rocdl.mfma.f32.32x32x8bf16.1k
rocdl	rocdl.mfma.f32.32x32x8f16
rocdl	rocdl.mfma.f32.4x4x1f32
rocdl	rocdl.mfma.f32.4x4x2bf16
rocdl	rocdl.mfma.f32.4x4x4bf16.1k
rocdl	rocdl.mfma.f32.4x4x4f16
rocdl	rocdl.mfma.f64.16x16x4f64
rocdl	rocdl.mfma.f64.4x4x4f64
rocdl	rocdl.mfma.i32.16x16x16i8
rocdl	rocdl.mfma.i32.16x16x32.i8
rocdl	rocdl.mfma.i32.16x16x4i8
rocdl	rocdl.mfma.i32.16x16x64.i8
rocdl	rocdl.mfma.i32.32x32x16.i8
rocdl	rocdl.mfma.i32.32x32x32.i8
rocdl	rocdl.mfma.i32.32x32x4i8
rocdl	rocdl.mfma.i32.32x32x8i8
rocdl	rocdl.mfma.i32.4x4x4i8
rocdl	rocdl.mfma.scale.f32.16x16x128.f8f6f4
rocdl	rocdl.mfma.scale.f32.32x32x64.f8f6f4
rocdl	rocdl.permlane16.swap
rocdl	rocdl.permlane16.var
rocdl	rocdl.permlane32.swap
rocdl	rocdl.permlanex16
rocdl	rocdl.permlanex16.var
rocdl	rocdl.ptr.s.buffer.load
rocdl	rocdl.raw.buffer.atomic.cmpswap
rocdl	rocdl.raw.buffer.atomic.fadd
rocdl	rocdl.raw.buffer.atomic.fmax
rocdl	rocdl.raw.buffer.atomic.smax
rocdl	rocdl.raw.buffer.atomic.umin
rocdl	rocdl.raw.buffer.load
rocdl	rocdl.raw.buffer.store
rocdl	rocdl.raw.ptr.buffer.atomic.cmpswap
rocdl	rocdl.raw.ptr.buffer.atomic.fadd
rocdl	rocdl.raw.ptr.buffer.atomic.fmax
rocdl	rocdl.raw.ptr.buffer.atomic.smax
rocdl	rocdl.raw.ptr.buffer.atomic.umin
rocdl	rocdl.raw.ptr.buffer.load
rocdl	rocdl.raw.ptr.buffer.load.async.lds
rocdl	rocdl.raw.ptr.buffer.load.lds
rocdl	rocdl.raw.ptr.buffer.store
rocdl	rocdl.rcp
rocdl	rocdl.readfirstlane
rocdl	rocdl.readlane
rocdl	rocdl.rsq
rocdl	rocdl.s.barrier
rocdl	rocdl.s.barrier.init
rocdl	rocdl.s.barrier.join
rocdl	rocdl.s.barrier.leave
rocdl	rocdl.s.barrier.signal
rocdl	rocdl.s.barrier.signal.isfirst
rocdl	rocdl.s.barrier.signal.var
rocdl	rocdl.s.barrier.wait
rocdl	rocdl.s.get.barrier.state
rocdl	rocdl.s.get.named.barrier.state
rocdl	rocdl.s.nop
rocdl	rocdl.s.setprio
rocdl	rocdl.s.sleep
rocdl	rocdl.s.wait.asynccnt
rocdl	rocdl.s.wait.dscnt
rocdl	rocdl.s.wait.expcnt
rocdl	rocdl.s.wait.loadcnt
rocdl	rocdl.s.wait.storecnt
rocdl	rocdl.s.wait.tensorcnt
rocdl	rocdl.s.waitcnt
rocdl	rocdl.s.wakeup.barrier
rocdl	rocdl.sched.barrier
rocdl	rocdl.sched.group.barrier
rocdl	rocdl.sdot2
rocdl	rocdl.sdot4
rocdl	rocdl.sdot8
rocdl	rocdl.sin
rocdl	rocdl.smfmac.f32.16x16x128.bf8.bf8
rocdl	rocdl.smfmac.f32.16x16x128.bf8.fp8
rocdl	rocdl.smfmac.f32.16x16x128.fp8.bf8
rocdl	rocdl.smfmac.f32.16x16x128.fp8.fp8
rocdl	rocdl.smfmac.f32.16x16x32.bf16
rocdl	rocdl.smfmac.f32.16x16x32.f16
rocdl	rocdl.smfmac.f32.16x16x64.bf16
rocdl	rocdl.smfmac.f32.16x16x64.bf8.bf8
rocdl	rocdl.smfmac.f32.16x16x64.bf8.fp8
rocdl	rocdl.smfmac.f32.16x16x64.f16
rocdl	rocdl.smfmac.f32.16x16x64.fp8.bf8
rocdl	rocdl.smfmac.f32.16x16x64.fp8.fp8
rocdl	rocdl.smfmac.f32.32x32x16.bf16
rocdl	rocdl.smfmac.f32.32x32x16.f16
rocdl	rocdl.smfmac.f32.32x32x32.bf16
rocdl	rocdl.smfmac.f32.32x32x32.bf8.bf8
rocdl	rocdl.smfmac.f32.32x32x32.bf8.fp8
rocdl	rocdl.smfmac.f32.32x32x32.f16
rocdl	rocdl.smfmac.f32.32x32x32.fp8.bf8
rocdl	rocdl.smfmac.f32.32x32x32.fp8.fp8
rocdl	rocdl.smfmac.f32.32x32x64.bf8.bf8
rocdl	rocdl.smfmac.f32.32x32x64.bf8.fp8
rocdl	rocdl.smfmac.f32.32x32x64.fp8.bf8
rocdl	rocdl.smfmac.f32.32x32x64.fp8.fp8
rocdl	rocdl.smfmac.i32.16x16x128.i8
rocdl	rocdl.smfmac.i32.16x16x64.i8
rocdl	rocdl.smfmac.i32.32x32x32.i8
rocdl	rocdl.smfmac.i32.32x32x64.i8
rocdl	rocdl.sqrt
rocdl	rocdl.sudot4
rocdl	rocdl.sudot8
rocdl	rocdl.swmmac.bf16.16x16x32.bf16
rocdl	rocdl.swmmac.bf16.16x16x64.bf16
rocdl	rocdl.swmmac.bf16f32.16x16x64.bf16
rocdl	rocdl.swmmac.f16.16x16x128.bf8.bf8
rocdl	rocdl.swmmac.f16.16x16x128.bf8.fp8
rocdl	rocdl.swmmac.f16.16x16x128.fp8.bf8
rocdl	rocdl.swmmac.f16.16x16x128.fp8.fp8
rocdl	rocdl.swmmac.f16.16x16x32.f16
rocdl	rocdl.swmmac.f16.16x16x64.f16
rocdl	rocdl.swmmac.f32.16x16x128.bf8.bf8
rocdl	rocdl.swmmac.f32.16x16x128.bf8.fp8
rocdl	rocdl.swmmac.f32.16x16x128.fp8.bf8
rocdl	rocdl.swmmac.f32.16x16x128.fp8.fp8
rocdl	rocdl.swmmac.f32.16x16x32.bf16
rocdl	rocdl.swmmac.f32.16x16x32.bf8.bf8
rocdl	rocdl.swmmac.f32.16x16x32.bf8.fp8
rocdl	rocdl.swmmac.f32.16x16x32.f16
rocdl	rocdl.swmmac.f32.16x16x32.fp8.bf8
rocdl	rocdl.swmmac.f32.16x16x32.fp8.fp8
rocdl	rocdl.swmmac.f32.16x16x64.bf16
rocdl	rocdl.swmmac.f32.16x16x64.f16
rocdl	rocdl.swmmac.i32.16x16x128.iu8
rocdl	rocdl.swmmac.i32.16x16x32.iu4
rocdl	rocdl.swmmac.i32.16x16x32.iu8
rocdl	rocdl.swmmac.i32.16x16x64.iu4
rocdl	rocdl.tanh
rocdl	rocdl.tensor.load.to.lds
rocdl	rocdl.tensor.store.from.lds
rocdl	rocdl.udot2
rocdl	rocdl.udot4
rocdl	rocdl.udot8
rocdl	rocdl.update.dpp
rocdl	rocdl.wait.asyncmark
rocdl	rocdl.wave.barrier
rocdl	rocdl.wave.id
rocdl	rocdl.wavefrontsize
rocdl	rocdl.wmma.bf16.16x16x16.bf16
rocdl	rocdl.wmma.bf16.16x16x32.bf16
rocdl	rocdl.wmma.bf16f32.16x16x32.bf16
rocdl	rocdl.wmma.f16.16x16x128.bf8_bf8
rocdl	rocdl.wmma.f16.16x16x128.bf8_fp8
rocdl	rocdl.wmma.f16.16x16x128.fp8_bf8
rocdl	rocdl.wmma.f16.16x16x128.fp8_fp8
rocdl	rocdl.wmma.f16.16x16x16.f16
rocdl	rocdl.wmma.f16.16x16x32.f16
rocdl	rocdl.wmma.f16.16x16x64.bf8_bf8
rocdl	rocdl.wmma.f16.16x16x64.bf8_fp8
rocdl	rocdl.wmma.f16.16x16x64.fp8_bf8
rocdl	rocdl.wmma.f16.16x16x64.fp8_fp8
rocdl	rocdl.wmma.f32.16x16x128.bf8_bf8
rocdl	rocdl.wmma.f32.16x16x128.bf8_fp8
rocdl	rocdl.wmma.f32.16x16x128.fp8_bf8
rocdl	rocdl.wmma.f32.16x16x128.fp8_fp8
rocdl	rocdl.wmma.f32.16x16x16.bf16
rocdl	rocdl.wmma.f32.16x16x16.bf8_bf8
rocdl	rocdl.wmma.f32.16x16x16.bf8_fp8
rocdl	rocdl.wmma.f32.16x16x16.f16
rocdl	rocdl.wmma.f32.16x16x16.fp8_bf8
rocdl	rocdl.wmma.f32.16x16x16.fp8_fp8
rocdl	rocdl.wmma.f32.16x16x32.bf16
rocdl	rocdl.wmma.f32.16x16x32.f16
rocdl	rocdl.wmma.f32.16x16x4.f32
rocdl	rocdl.wmma.f32.16x16x64.bf8_bf8
rocdl	rocdl.wmma.f32.16x16x64.bf8_fp8
rocdl	rocdl.wmma.f32.16x16x64.fp8_bf8
rocdl	rocdl.wmma.f32.16x16x64.fp8_fp8
rocdl	rocdl.wmma.i32.16x16x16.iu4
rocdl	rocdl.wmma.i32.16x16x16.iu8
rocdl	rocdl.wmma.i32.16x16x32.iu4
rocdl	rocdl.wmma.i32.16x16x64.iu8
rocdl	rocdl.wmma.scale.f32.16x16x128.f8f6f4
rocdl	rocdl.wmma.scale.f32.32x16x128.f4
rocdl	rocdl.wmma.scale16.f32.16x16x128.f8f6f4
rocdl	rocdl.wmma.scale16.f32.32x16x128.f4
rocdl	rocdl.workgroup.id.x
rocdl	rocdl.workgroup.id.y
rocdl	rocdl.workgroup.id.z
rocdl	rocdl.workitem.id.x
rocdl	rocdl.workitem.id.y
rocdl	rocdl.workitem.id.z
scf	scf.condition
scf	scf.execute_region
scf	scf.for
scf	scf.forall
scf	scf.forall.in_parallel
scf	scf.if
scf	scf.index_switch
scf	scf.parallel
scf	scf.reduce
scf	scf.reduce.return
scf	scf.while
scf	scf.yield
tt	tt.addptr
tt	tt.approx_divf
tt	tt.assert
tt	tt.atomic_cas
tt	tt.atomic_load
tt	tt.atomic_poll
tt	tt.atomic_rmw
tt	tt.atomic_store
tt	tt.bitcast
tt	tt.broadcast
tt	tt.call
tt	tt.clampf
tt	tt.descriptor_gather
tt	tt.descriptor_load
tt	tt.descriptor_reduce
tt	tt.descriptor_scatter
tt	tt.descriptor_store
tt	tt.dot
tt	tt.dot_scaled
tt	tt.elementwise_inline_asm
tt	tt.expand_dims
tt	tt.extern_elementwise
tt	tt.fp_to_fp
tt	tt.func
tt	tt.gather
tt	tt.get_num_programs
tt	tt.get_program_id
tt	tt.grid_dependency_launch_dependents
tt	tt.grid_dependency_wait
tt	tt.histogram
tt	tt.int_to_ptr
tt	tt.join
tt	tt.load
tt	tt.make_range
tt	tt.make_tensor_descriptor
tt	tt.map_elementwise
tt	tt.map_elementwise.return
tt	tt.mulhiui
tt	tt.precise_divf
tt	tt.precise_sqrt
tt	tt.print
tt	tt.ptr_to_int
tt	tt.reduce
tt	tt.reduce.return
tt	tt.reshape
tt	tt.return
tt	tt.scan
tt	tt.scan.return
tt	tt.splat
tt	tt.split
tt	tt.store
tt	tt.trans
tt	tt.unsplat
ttg	ttg.async_commit_group
ttg	ttg.async_copy_global_to_local
ttg	ttg.async_wait
ttg	ttg.barrier
ttg	ttg.convert_layout
ttg	ttg.fp4_to_fp
ttg	ttg.global_scratch_alloc
ttg	ttg.inline_asm
ttg	ttg.local_alloc
ttg	ttg.local_atomic_scatter_rmw
ttg	ttg.local_dealloc
ttg	ttg.local_gather
ttg	ttg.local_load
ttg	ttg.local_scatter
ttg	ttg.local_store
ttg	ttg.mask
ttg	ttg.mask.return
ttg	ttg.memdesc_index
ttg	ttg.memdesc_reinterpret
ttg	ttg.memdesc_reshape
ttg	ttg.memdesc_subslice
ttg	ttg.memdesc_trans
ttg	ttg.predicate_stage
ttg	ttg.warp_id
ttg	ttg.warp_return
ttg	ttg.warp_specialize
ttg	ttg.warp_specialize.partitions
ttg	ttg.warp_yield
tti	tti.dot_i8
tti	tti.experimental_assert_uniform
tti	tti.experimental_buffer_descriptors
tti	tti.experimental_cluster_cta_id
tti	tti.experimental_fpsan_embed
tti	tti.experimental_fpsan_unembed
tti	tti.experimental_gsan_atomic_cas
tti	tti.experimental_gsan_atomic_load
tti	tti.experimental_gsan_atomic_poll
tti	tti.experimental_gsan_atomic_rmw
tti	tti.experimental_gsan_atomic_store
tti	tti.experimental_gsan_atomic_tensordesc_access
tti	tti.experimental_gsan_cluster_barrier_init
tti	tti.experimental_gsan_cluster_barrier_sync
tti	tti.experimental_gsan_grid_dependency_wait
tti	tti.experimental_gsan_indexed_tensordesc_access
tti	tti.experimental_gsan_init
tti	tti.experimental_gsan_kernel_exit
tti	tti.experimental_gsan_mbarrier_arrive
tti	tti.experimental_gsan_mbarrier_init
tti	tti.experimental_gsan_mbarrier_table_init
tti	tti.experimental_gsan_mbarrier_wait
tti	tti.experimental_gsan_tensor_access
tti	tti.experimental_gsan_tensordesc_access
tti	tti.experimental_local_gather
tti	tti.experimental_lock_acquire
tti	tti.experimental_lock_release
tti	tti.experimental_memdesc_to_i32
tti	tti.experimental_memory_offset_to_i32
ttng	ttng.arrive_barrier
ttng	ttng.async_copy_mbarrier_arrive
ttng	ttng.async_shared_store
ttng	ttng.async_tma_copy_global_to_local
ttng	ttng.async_tma_copy_local_to_global
ttng	ttng.async_tma_gather
ttng	ttng.async_tma_reduce
ttng	ttng.async_tma_scatter
ttng	ttng.async_tma_store_wait
ttng	ttng.barrier_expect
ttng	ttng.clc_get_program_id
ttng	ttng.clc_is_canceled
ttng	ttng.clc_load_result
ttng	ttng.clc_try_cancel
ttng	ttng.clc_try_cancel_sync
ttng	ttng.cluster_barrier
ttng	ttng.fence_async_shared
ttng	ttng.fence_mbarrier_init_release_cluster
ttng	ttng.init_barrier
ttng	ttng.inval_barrier
ttng	ttng.packed_arith
ttng	ttng.reinterpret_tensor_descriptor
ttng	ttng.tc_gen5_commit
ttng	ttng.tc_gen5_mma
ttng	ttng.tc_gen5_mma_scaled
ttng	ttng.tensormap_create
ttng	ttng.tensormap_fenceproxy_acquire
ttng	ttng.tmem_alloc
ttng	ttng.tmem_copy
ttng	ttng.tmem_load
ttng	ttng.tmem_store
ttng	ttng.tmem_subslice
ttng	ttng.tmem_wait
ttng	ttng.wait_barrier
ttng	ttng.warp_group_dot
ttng	ttng.warp_group_dot_wait
ub	ub.poison
ub	ub.unreachable
