id,layer,feature,official_examples,source_ids,target_scope,reference_requirement,target_profile,rc2_assessment,implementation_status,role,evidence_status
F01,frontend,经典Triton语言,triton.language; @triton.jit,S02; S20,included,公共API及tensor方法、类型、参数和合法组合全纳入；不由229项反向限定,point_or_set,partial,not_reaudited,computational,official_surface_reviewed_not_signature_complete
F02,frontend,Gluon语言,triton.experimental.gluon; gluon,S03; S19; S21,included,独立导入入口；与经典前端汇合到同一参照核心,point_or_set,excluded,not_reaudited,computational,official_surface_reviewed_not_signature_complete
F03,frontend,NVIDIA子目标,ampere; hopper; blackwell; rubin,S04; S10; S11,included,各提交存在的子模块逐一登记target guards；不能只测sm_86而称全后端,point_or_set,excluded,not_reaudited,computational,official_surface_reviewed_not_signature_complete
F04,frontend,AMD子目标,cdna3; cdna4; cdna5; rdna3; rdna4; gfx1250,S05; S09; S12,included,HIP、wave/LDS、MFMA/WMMA/TDM规则；设备测试单列,point_or_set,excluded,not_reaudited,computational,official_surface_reviewed_not_signature_complete
F05,frontend,参数与元编程,constexpr; tuple; aggregate_replace; target_info,S02; S03,included,复合参数树、编译期常数、专门化结果和真实物理参数绑定,point_or_set,partial,not_reaudited,binding,official_surface_reviewed_not_signature_complete
F06,frontend,编译提示与假设,assume; multiple_of; max_contiguous; max_constancy; expect_zero,S02; S20,included,记录提示前提，违反时不能沿用保证；不能仅当性能注释,point_or_set,partial,not_reaudited,computational,official_surface_reviewed_not_signature_complete
F07,frontend,配置与运行期,autotune; num_warps; num_ctas; range,S02; S03,included,具体配置、网格、调优预运行造成的写入和重置策略均绑定到测量对象,point_or_set,partial,not_reaudited,binding,official_surface_reviewed_not_signature_complete
F08,frontend,官方新操作自动增量,atomic_poll; atomic_load; atomic_store,S02; S03; S06,included,从官方版本差集接入，而非等待现实样本碰到才登记,point_or_set,missing,not_reaudited,computational,official_surface_reviewed_not_signature_complete
N01,numeric,实数基本运算,add; sub; mul; div; fma,S06; S15,included,完整定义域和特殊值；参照算术与执行近似严格分开,point_or_set,partial,not_reaudited,computational,official_surface_reviewed_not_signature_complete
N02,numeric,有限位整数,BV; mulhi; addui_extended; ctpop,S02; S03,included,signed/unsigned、wrap、nsw/nuw、移位越界和poison分别处理,point_or_set,partial,not_reaudited,computational,official_surface_reviewed_not_signature_complete
N03,numeric,初等与特殊函数,exp; log; sqrt; erf; atan2; pow,S15; S20,included,版本化严格包围与定义域；不能统一相对误差；atan2的分支切线单列,point_or_set,partial,not_reaudited,computational,official_surface_reviewed_not_signature_complete
N04,numeric,libdevice与OCML,extern_elementwise; extra.libdevice,S06; S02; S05,included,按实际符号、类型、属性和目标库逐项登记；不能从后缀猜同义,point_or_set,partial,not_reaudited,computational,official_surface_reviewed_not_signature_complete
N05,numeric,所有导出的格式,float16; bfloat16; float32; float64; float8e4nv; float8e5b16,S02; S03; S15,included,原始位、signed zero、NaN类别/载荷可观察性；对未规定载荷返回允许集合,point_or_set,partial,not_reaudited,computational,official_surface_reviewed_not_signature_complete
N06,numeric,低比特块缩放,dot_scaled; fp4_to_fp; scaled_upcast; scaled_downcast,S06; S12; S09,included,打包轴、E8M0缩放、bias、饱和和编码特殊值；FP4等packed格式不能只按float8表,point_or_set,partial,not_reaudited,computational,official_surface_reviewed_not_signature_complete
N07,numeric,显式格式桥,cast; bitcast; encode; decode,S06; S15,included,Real/Format/BV转换显式；保留舍入必须公开目标变化,point_or_set,partial,not_reaudited,computational,official_surface_reviewed_not_signature_complete
N08,numeric,打包算术,add2; fma2; max2; min2,S11,included,分lane及打包对应，不等同一次标量函数；舍入和特殊值独立处理,point_or_set,missing,not_reaudited,computational,official_surface_reviewed_not_signature_complete
N09,numeric,一般dot,dot; dot_fma; inputPrecision,S06; S03,included,逐签名处理所有输入精度、类型和累加属性；精确点积不需要知道TC内部树,point_or_set,partial,not_reaudited,computational,official_surface_reviewed_not_signature_complete
N10,numeric,NVIDIA矩阵与tensor memory,mma_v2; warpgroup_mma; allocate_tensor_memory,S08; S10; S11,included,矩阵贡献、布局、异步完成和TMEM生命周期不能相互代替,point_or_set,excluded,not_reaudited,computational,official_surface_reviewed_not_signature_complete
N11,numeric,AMD矩阵指令,mfma; mfma_scaled; AMDMFMALayout; AMDWMMALayout,S05; S09; S12,included,有限位整数、浮点和块缩放三种语义分开；引入LDS与wave布局,point_or_set,excluded,not_reaudited,computational,official_surface_reviewed_not_signature_complete
N12,numeric,稀疏矩阵与结构元数据,sparse MMA; metadata decode,S08; S15,included,官方源中存在的稀疏操作按实际稀疏掩码/编码展开，不能只把输入当稠密矩阵,point_or_set,missing,not_reaudited,computational,official_surface_reviewed_not_signature_complete
N13,numeric,近似与硬件核验,div.full; ex2.approx; rsqrt.approx; cos.approx,S15,included,保留误差度量、domain、ulp锚点、特殊值和target；无界区不虚构包围,point_or_set,partial,not_reaudited,computational,official_surface_reviewed_not_signature_complete
N14,numeric,随机数和随机舍入,philox; randint4x; randn4x; stochastic rounding,S02; S15,included,随机位由seed/counter精确生成；随机变量与数学正态/均匀理想分布区分；显式随机位输入,point_or_set,partial,not_reaudited,computational,official_surface_reviewed_not_signature_complete
N15,numeric,位级与重解释算法,inline asm bit operations; bitcast,S13; S15,included,不要在bitcast处直接回填实际输出；格式岛与数学区域组合，报告被保留的舍入,point_or_set,partial,not_reaudited,computational,official_surface_reviewed_not_signature_complete
R01,region,逐元素子区域,map_elementwise; call,S06; S03,included,递归解释任意受支持区域和tuple返回；无按kernel名分派,point_or_set,partial,not_reaudited,computational,official_surface_reviewed_not_signature_complete
R02,region,任意合并区域,reduce; Welford merge,S06; S20,included,固定树证据或适用代数证书；没有单值依据时允许有限树集合分析,point_or_set,partial,not_reaudited,computational,official_surface_reviewed_not_signature_complete
R03,region,一般扫描,associative_scan; cumsum; cumprod,S02; S20,included,结合性与prefix顺序、reverse、分段标志；未知不等于不结合,point_or_set,partial,not_reaudited,computational,official_surface_reviewed_not_signature_complete
R04,region,全部结构化控制,if; for; while; index_switch; execute_region,S06; S02,included,参照条件与状态联合传播，终止/预算单列，不限已观察的实际分支,point_or_set,partial,not_reaudited,computational,official_surface_reviewed_not_signature_complete
R05,region,CFG与并行区域,cf.br; cf.switch; scf.parallel; warp_specialize,S07,included,前端是否常见只影响优先级；CFG回边需终止证据；并行区域用事件语义,point_or_set,partial,not_reaudited,computational,official_surface_reviewed_not_signature_complete
R06,region,排序与选择,sort; topk; argmax; argmin,S02; S20,included,tie-break若官方指定就执行；否则结果关系；值、索引、payload分开观察,point_or_set,partial,not_reaudited,computational,official_surface_reviewed_not_signature_complete
R07,region,整数分布与分段,histogram; gather; scatter,S02; S06,included,合法索引域、重复项和分段边界；不能认为整数意味着不影响数值,point_or_set,partial,not_reaudited,computational,official_surface_reviewed_not_signature_complete
L01,layout,张量形状与映射,reshape; cat; join; trans; split; broadcast,S14; S06,included,重排许可、dim、axis、可观察顺序；不能把cat全部当固定concat,point_or_set,partial,not_reaudited,computational,official_surface_reviewed_not_signature_complete
L02,layout,分布式显式布局,BlockedLayout; SliceLayout; DistributedLinearLayout; convert_layout,S03; S07,included,逻辑坐标到register/lane/warp/CTA对应与复制一致性,point_or_set,excluded,not_reaudited,computational,official_surface_reviewed_not_signature_complete
L03,layout,共享内存布局,SwizzledSharedLayout; PaddedSharedLayout; SharedLinearLayout,S03; S07,included,swizzle/padding映射和别名范围，不能仅看逻辑shape,point_or_set,excluded,not_reaudited,computational,official_surface_reviewed_not_signature_complete
L04,layout,目标矩阵布局,NVMMADistributedLayout; DotOperandLayout; AMDMFMALayout,S03; S05; S12,included,fragment/scale布局和实际读写地址，target guards,point_or_set,excluded,not_reaudited,computational,official_surface_reviewed_not_signature_complete
L05,layout,layout推导与编译事实,AutoLayout; set_auto_layout; to_linear_layout,S03,included,区分声明布局、编译所选布局和运行证据；布局不是自动的归约树证据,point_or_set,missing,not_reaudited,computational,official_surface_reviewed_not_signature_complete
M01,memory,同步指针访问,load; store; mask; other,S06; S20,included,逻辑/物理地址、字节宽度、masked lanes、未初始化读取和毒值使用,point_or_set,partial,not_reaudited,computational,official_surface_reviewed_not_signature_complete
M02,memory,block pointer,make_block_ptr; make_tensor_ptr; advance,S02,included,边界、padding、order与地址算术；版本存在性单列,point_or_set,partial,not_reaudited,computational,official_surface_reviewed_not_signature_complete
M03,memory,高层tensor descriptor,tensor_descriptor; descriptor_load; descriptor_store,S06,included,高层返回值按已完成访问语义；需要时另从低层核验异步实现，不要求源码虚构token,point_or_set,partial,not_reaudited,computational,official_surface_reviewed_not_signature_complete
M04,memory,descriptor高级寻址,descriptor_gather; descriptor_scatter; descriptor_reduce; im2col,S06; S02; S10,included,块形状、索引/卷积映射、范围与存储；im2col按锁定版本的实际参数,point_or_set,partial,not_reaudited,computational,official_surface_reviewed_not_signature_complete
M05,memory,共享存储生命周期,allocate_shared_memory; local_load; local_store,S03; S07,included,创建、视图、dealloc/复用、可变性和完成事件,point_or_set,excluded,not_reaudited,computational,official_surface_reviewed_not_signature_complete
M06,memory,异步拷贝,async_copy_global_to_local; async_commit_group; async_wait,S07,included,发起/提交/可见/完成分开；部分等待与group编号,point_or_set,partial,not_reaudited,computational,official_surface_reviewed_not_signature_complete
M07,memory,TMA与mbarrier,tma; mbarrier; fence_async_shared,S10; S08,included,phase、arrival、transaction bytes、generic/async proxy与多播范围,point_or_set,partial,not_reaudited,computational,official_surface_reviewed_not_signature_complete
M08,memory,AMD buffer/TDM,buffer_load; buffer_store; async_tdm_copy; async_tdm_wait,S09; S12,included,base+offset、有界访问、LDS、TDM完成计数与descriptor更新,point_or_set,excluded,not_reaudited,computational,official_surface_reviewed_not_signature_complete
M09,memory,存储来源与别名,storage identity; view; copy; launch_sequence,S07; S06,included,真实生产者与生命周期；内容一样不是复制证明；两套执行内存分别有效,point_or_set,partial,not_reaudited,computational,official_surface_reviewed_not_signature_complete
M10,memory,prefetch与cache,cachePolicy; evictionPolicy; prefetch; volatile,S06; S07; S09,included,可证明不影响观察才擦除；volatile与访问必须保留，alias假设需验证,point_or_set,partial,not_reaudited,computational,official_surface_reviewed_not_signature_complete
C01,concurrency,原子全族,atomic_add; atomic_cas; atomic_xchg; atomic_load; atomic_store; atomic_poll,S02; S03; S06,included,返回旧值、read-from、memory order、scope、poll进展；CAS不得整个排除语言,point_or_set,partial,not_reaudited,computational,official_surface_reviewed_not_signature_complete
C02,concurrency,可交换折叠,atomic_add; descriptor_reduce,S06,included,封闭贡献、无调度反馈、观察不读中途值；有证书才替换成无序和,point_or_set,partial,not_reaudited,computational,official_surface_reviewed_not_signature_complete
C03,concurrency,合法顺序相关程序,CAS lock; returned old value,S06; S15,included,保持允许事件/调度关系；绑定已证明顺序或对允许结果包围；不叫非法,point_or_set,excluded,not_reaudited,computational,official_surface_reviewed_not_signature_complete
C04,concurrency,warp与CTA屏障,barrier; debug_barrier; warp shuffle,S07; S20,included,参与掩码、线程所有权、地址空间和作用域；同线程写后读不强加屏障,point_or_set,partial,not_reaudited,computational,official_surface_reviewed_not_signature_complete
C05,concurrency,warp specialization,warp_specialize; nvws; warp_pipeline_stage,S03; S05; S07,included,并行partition生命周期、通信、join和跨layout域，不作为串行call,point_or_set,excluded,not_reaudited,computational,official_surface_reviewed_not_signature_complete
C06,concurrency,cluster与动态持久化,cluster; clc; grid_dependency,S10; S11,included,CTA集群、动态任务分配、取消/完成与进展；调度可成为显式环境变量,point_or_set,missing,not_reaudited,computational,official_surface_reviewed_not_signature_complete
C07,concurrency,跨启动与stream,launch_sequence; event; stream,S16; S15,included,启动先后/事件完成与共享存储证据；同一stream顺序不能外推多stream,point_or_set,partial,not_reaudited,computational,official_surface_reviewed_not_signature_complete
C08,concurrency,多设备/系统范围,scope=sys; peer buffer; multimem,S15,included,环境及地址空间模型拓展；有声明契约才可测，不等于需实现全部分布式训练,point_or_set,missing,not_reaudited,computational,official_surface_reviewed_not_signature_complete
X01,external,PTX/AMD汇编,inline_asm_elementwise; ttg.inline_asm,S13; S07; S15,included,按ISA语法组合解析，不只单行正则；格式、谓词、约束、pack与副作用,point_or_set,partial,not_reaudited,computational,official_surface_reviewed_not_signature_complete
X02,external,外部未知函数,extern_elementwise; external device call,S06,included,保留契约插槽；可由独立实现/验证摘要接入，没摘要属于实现/证据缺口,point_or_set,partial,not_reaudited,computational,official_surface_reviewed_not_signature_complete
X03,external,非确定环境读取,clock; timer; smid; read_counter,S15; S17,included,环境值显式建模；不能默认捕获值就是调用总体内的精确数学常量,point_or_set,missing,not_reaudited,computational,official_surface_reviewed_not_signature_complete
X04,external,调试、断言与Poison,device_assert; device_print; ub.poison,S06; S20,included,输出/终止效果保留；未观察调试输出的擦除需noninterference依据,point_or_set,partial,not_reaudited,computational,official_surface_reviewed_not_signature_complete
X05,instrumentation,GSan/ConSan/FpSan,tti; fpsan,S16; S03,included,插桩版本、覆盖范围、观测扰动；载荷一致不是浮点等价证明,point_or_set,missing,not_reaudited,validation,official_surface_reviewed_not_signature_complete
X06,instrumentation,Proton与分析辅助,proton; proton_gpu,S17,included,计数器与日志存储是效果；对数值无关需切片/擦除证明,point_or_set,missing,not_reaudited,instrumentation,official_surface_reviewed_not_signature_complete
X07,backend,低层与shared dialect,nvg; nvws; LLVM; NVVM; ROCDL,S18; S01,included,实际导入路径使用的低层语义和版本须追踪；无需把全LLVM生态当训练算子,point_or_set,excluded,not_reaudited,lowering,official_surface_reviewed_not_signature_complete
X08,backend,硬件能力与语义差异,CUDA; HIP; target ISA version,S04; S05; S15,included,一个语法跨GPU可能有不同支持前提；无设备仅未实测，不删除目标项,point_or_set,excluded,not_reaudited,computational,official_surface_reviewed_not_signature_complete
